City_ID,City,Lat,Lng,Max Temp,Humidity,Cloudiness,Wind Speed,Country,Date
0,albany,42.6001,-73.9662,19.86,64,18,0.45,US,1717975619
1,petropavlovsk-kamchatsky,53.0452,158.6483,16.33,75,75,5.81,RU,1717975722
2,brooks,50.5834,-111.8851,20.99,41,86,2.57,CA,1717975723
3,haiku-pauwela,20.9219,-156.3051,30.12,61,20,10.29,US,1717975724
4,margaret river,-33.95,115.0667,16.19,56,97,10.8,AU,1717975725
5,tombodu,8.1333,-10.6167,23.22,94,32,0.66,SL,1717975726
6,bandarbeyla,9.4942,50.8122,26.91,75,95,12.48,SO,1717975727
7,port elizabeth,-33.918,25.5701,13.37,76,1,1.95,ZA,1717975727
8,fort mcmurray,56.7268,-111.381,14.77,54,100,5.14,CA,1717975728
9,adamstown,-25.066,-130.1015,22.43,74,100,4.36,PN,1717975729
10,bethel,41.3712,-73.414,22.74,63,75,2.57,US,1717975614
11,olonkinbyen,70.9221,-8.7187,-0.88,81,65,7.67,SJ,1717975512
12,waitangi,-43.9535,-176.5597,13.23,96,100,5.81,NZ,1717975731
13,skeldon,5.8833,-57.1333,25.3,89,22,1.77,GY,1717975732
14,san antonio de pale,-1.4014,5.6325,24.76,83,100,5.43,GQ,1717975733
15,bilibino,68.0546,166.4372,11.46,45,14,1.65,RU,1717975733
16,anadyr,64.75,177.4833,10.28,62,0,6.0,RU,1717975734
17,nelidovo,56.2211,32.7774,12.18,93,44,2.37,RU,1717975735
18,yellowknife,62.456,-114.3525,17.45,51,75,3.6,CA,1717975736
19,burutu,5.3509,5.5076,25.58,90,94,2.42,NG,1717975736
20,isafjordur,66.0755,-23.124,4.35,85,71,1.15,IS,1717975737
21,plettenberg bay,-34.0527,23.3716,13.09,68,5,1.2,ZA,1717975738
22,puerto natales,-51.7236,-72.4875,1.26,99,100,2.17,CL,1717975738
23,invercargill,-46.4,168.35,8.34,76,98,4.92,NZ,1717975739
24,whitby,54.4877,-0.615,10.59,86,100,3.59,GB,1717975460
25,cockburn town,21.4612,-71.1419,27.79,85,100,4.77,TC,1717975741
26,papatowai,-46.5619,169.4708,8.28,82,92,4.99,NZ,1717975742
27,ulanhot,46.0833,122.0833,21.41,40,59,4.12,CN,1717975743
28,vilhena,-12.7406,-60.1458,21.12,73,0,2.57,BR,1717975744
29,blackmans bay,-43.0167,147.3167,7.07,89,5,0.89,AU,1717975745
30,talnakh,69.4865,88.3972,3.45,96,100,0.83,RU,1717975745
31,port-aux-francais,-49.35,70.2167,3.16,95,100,14.01,TF,1717975746
32,portland,45.5234,-122.6762,27.59,55,20,5.14,US,1717975555
33,thinadhoo,0.5333,72.9333,28.36,75,99,2.78,MV,1717975747
34,mugia,43.1041,-9.2179,14.39,83,38,10.39,ES,1717975748
35,arraial do cabo,-22.9661,-42.0278,23.31,78,21,12.19,BR,1717975749
36,grytviken,-54.2811,-36.5092,-7.47,76,20,5.94,GS,1717975750
37,edinburgh of the seven seas,-37.0676,-12.3116,12.72,85,85,6.5,SH,1717975751
38,aljezur,37.3191,-8.8033,15.87,96,77,2.61,PT,1717975751
39,ribeira grande,38.5167,-28.7,19.87,86,96,4.47,PT,1717975752
40,cambria,35.5641,-121.0808,30.69,74,29,2.68,US,1717975754
41,frontera,26.9333,-101.45,37.72,28,0,2.68,MX,1717975755
42,sabang,5.8933,95.3214,29.05,77,100,8.68,ID,1717975755
43,marsa alam,25.0757,34.8918,30.11,32,0,4.54,EG,1717975641
44,st. john's,47.5649,-52.7093,12.21,92,100,8.75,CA,1717975757
45,oranjemund,-28.55,16.4333,19.48,26,68,5.13,NA,1717975757
46,tsiombe,-25.3,45.4833,17.42,66,67,3.82,MG,1717975758
47,manokwari,-0.8667,134.0833,27.42,73,98,0.84,ID,1717975759
48,goronyo,13.4423,5.6763,35.44,23,14,4.81,NG,1717975760
49,shingu,33.7333,135.9833,21.04,85,99,3.62,JP,1717975760
50,mabaruma,8.2,-59.7833,23.99,97,93,1.25,GY,1717975761
51,trevelin,-43.0858,-71.4639,6.71,96,100,1.45,AR,1717975562
52,kununurra,-15.7667,128.7333,16.99,77,5,0.51,AU,1717975762
53,sisimiut,66.9395,-53.6735,1.23,99,100,1.87,GL,1717975763
54,flying fish cove,-10.4217,105.6791,25.82,88,100,4.63,CX,1717975764
55,kill devil hills,36.0307,-75.676,29.01,60,0,3.6,US,1717975764
56,port mathurin,-19.6833,63.4167,23.97,83,53,8.65,MU,1717975765
57,tura,25.5198,90.2201,24.23,96,27,2.6,IN,1717975766
58,valdivia,-39.8142,-73.2459,11.05,89,96,2.51,CL,1717975541
59,eyl,7.9803,49.8164,27.31,69,94,10.45,SO,1717975767
60,lompoc,34.6391,-120.4579,26.5,68,0,6.17,US,1717975768
61,verkhnevilyuysk,63.4453,120.3167,17.75,63,54,1.05,RU,1717975769
62,iqaluit,63.7506,-68.5145,3.85,55,40,4.12,CA,1717975769
63,emerald,-23.5333,148.1667,17.41,49,0,4.61,AU,1717975770
64,west island,-12.1568,96.8225,24.99,94,40,3.09,CC,1717975771
65,xinyuan,37.3,99.0,7.64,62,100,0.83,CN,1717975772
66,berezovo,63.9381,65.0419,15.25,66,100,2.46,RU,1717975773
67,farasan,16.7022,42.1183,32.2,60,12,3.57,SA,1717975773
68,kodiak,57.79,-152.4072,7.73,93,100,11.32,US,1717975774
69,mil'kovo,55.6078,37.7956,17.39,71,40,2.73,RU,1717975775
70,weihai,37.5017,122.1136,19.28,81,3,2.34,CN,1717975776
71,nouadhibou,20.931,-17.0347,20.99,78,9,7.72,MR,1717975777
72,lashio,22.9333,97.75,21.96,94,99,0.13,MM,1717975778
73,tiksi,71.6872,128.8694,1.51,89,100,3.57,RU,1717975779
74,chernomorskoye,45.5039,32.6997,20.79,72,93,2.52,UA,1717975779
75,batac city,18.0554,120.5649,25.88,94,100,2.57,PH,1717975780
76,el granada,37.5027,-122.4694,26.63,74,100,8.23,US,1717975781
77,charters towers,-20.1,146.2667,17.33,41,16,2.04,AU,1717975782
78,sao jose da coroa grande,-8.8978,-35.1478,25.66,81,9,5.48,BR,1717975782
79,punta arenas,-53.15,-70.9167,2.06,87,75,2.06,CL,1717975783
80,bikenibeu village,1.3673,173.1241,31.98,66,40,3.09,KI,1717975784
81,pisco,-13.7,-76.2167,19.03,77,100,3.6,PE,1717975784
82,tolanaro,-25.0319,46.9987,17.04,88,75,2.06,MG,1717975785
83,keflavik,64.0049,-22.5624,7.24,87,0,3.6,IS,1717975786
84,utrik,11.2278,169.8474,28.11,81,76,7.63,MH,1717975787
85,hawaiian paradise park,19.5933,-154.9731,28.73,64,20,4.63,US,1717975787
86,enewetak,11.3474,162.3373,28.38,83,93,7.41,MH,1717975788
87,ilulissat,69.2167,-51.1,7.01,70,75,3.6,GL,1717975789
88,sinabang,2.4803,96.3801,26.0,82,98,1.95,ID,1717975789
89,'anat al qadimah,34.4659,41.9331,32.92,13,17,5.56,IQ,1717975791
90,willows,39.5243,-122.1936,33.43,22,1,3.4,US,1717975792
91,guerrero negro,27.9769,-114.0611,20.14,63,6,8.04,MX,1717975632
92,ust-nera,64.5667,143.2,10.8,34,40,0.89,RU,1717975793
93,badger,64.8,-147.5333,27.22,25,75,0.0,US,1717975795
94,yambio,4.5721,28.3955,20.42,96,100,1.95,SS,1717975796
95,ushuaia,-54.8,-68.3,-2.19,86,0,1.54,AR,1717975741
96,bredasdorp,-34.5322,20.0403,10.12,91,12,1.26,ZA,1717975800
97,lihue,21.9789,-159.3672,30.58,63,0,6.69,US,1717975798
98,new norfolk,-42.7826,147.0587,7.72,65,21,1.49,AU,1717975804
99,whitehorse,60.7161,-135.0538,23.94,21,75,6.17,CA,1717975618
100,college,64.8569,-147.8028,27.27,25,75,0.89,US,1717975807
101,nar'yan-mar,67.6713,53.087,1.73,87,100,4.47,RU,1717975808
102,otra banda,18.6502,-68.6628,28.71,89,100,1.86,DO,1717975810
103,chonchi,-42.6128,-73.8092,8.56,90,66,2.4,CL,1717975811
104,zhuanghe,39.7008,122.9911,20.85,77,41,4.26,CN,1717975812
105,daru,-9.0763,143.2092,26.18,89,91,7.91,PG,1717975813
106,stanley,54.868,-1.6985,8.99,87,20,2.57,GB,1717975813
107,georgetown,5.4112,100.3354,26.96,88,40,2.06,MY,1717975348
108,phu ly,20.5411,105.9139,26.82,91,100,0.21,VN,1717975815
109,udachny,66.4167,112.4,16.92,34,89,4.45,RU,1717975816
110,darnah,32.767,22.6367,23.09,63,0,5.03,LY,1717975817
111,pamplona,42.8169,-1.6432,13.59,80,40,3.6,ES,1717975818
112,saipan,15.1355,145.701,31.39,66,40,7.2,MP,1717975819
113,sarkand,45.41,79.9186,21.51,44,17,3.06,KZ,1717975819
114,diawara,15.022,-12.5437,35.01,34,20,3.85,SN,1717975820
115,aasiaat,68.7098,-52.8699,1.52,96,85,3.45,GL,1717975821
116,sing buri,14.85,100.2333,28.38,77,100,4.46,TH,1717975821
117,homer,59.6425,-151.5483,13.94,53,75,6.17,US,1717975822
118,avarua,-21.2078,-159.775,25.03,53,20,3.09,CK,1717975823
119,kendari,-3.945,122.4989,26.29,82,81,0.95,ID,1717975823
120,dudinka,69.4058,86.1778,3.71,94,98,3.58,RU,1717975824
121,camarinas,43.1311,-9.1817,14.4,83,36,9.82,ES,1717975825
122,ouadda,8.0777,22.4007,21.75,84,100,1.04,CF,1717975826
123,howrah,22.5892,88.3103,30.0,89,40,3.6,IN,1717975827
124,odda,60.0691,6.5457,10.98,99,100,1.54,NO,1717975827
125,ballina,-28.8667,153.5667,17.1,68,31,3.64,AU,1717975828
126,gadzhiyevo,69.2551,33.3362,5.19,89,48,3.02,RU,1717975829
127,villamontes,-21.25,-63.5,19.36,60,59,0.98,BO,1717975830
128,ubari,26.5921,12.7805,28.88,9,0,3.19,LY,1717975831
129,trongsa,27.5026,90.5072,13.41,92,100,0.15,BT,1717975832
130,san patricio,28.017,-97.5169,33.42,60,14,7.58,US,1717975833
131,mudgee,-32.5943,149.5871,12.29,69,17,3.73,AU,1717975833
132,port augusta,-32.5,137.7667,16.91,43,100,4.16,AU,1717975834
133,broken hill,-31.95,141.4333,14.74,50,62,2.41,AU,1717975835
134,hobyo,5.3505,48.5268,26.04,81,71,11.32,SO,1717975836
135,colonia,50.9333,6.95,12.19,77,0,1.54,DE,1717975795
136,az zulfi,26.2995,44.8154,33.79,14,47,2.73,SA,1717975837
137,port alfred,-33.5906,26.891,15.85,61,0,3.56,ZA,1717975838
138,mana,5.6592,-53.7767,25.72,88,75,3.64,GF,1717975839
139,saynshand,44.8824,110.1163,24.2,23,95,6.2,MN,1717975840
140,silchar,24.8167,92.8,24.82,95,90,1.19,IN,1717975841
141,lovisa,60.4566,26.2251,7.94,85,7,4.75,FI,1717975841
142,wailua homesteads,22.0669,-159.378,30.24,70,0,6.69,US,1717975842
143,vilyuchinsk,52.9306,158.4028,17.15,76,97,3.39,RU,1717975843
144,zaragoza,41.6561,-0.8773,16.67,61,0,11.83,ES,1717975675
145,la'ie,21.6477,-157.9253,28.98,65,26,3.58,US,1717975844
146,holualoa,19.6228,-155.9522,26.97,68,40,4.63,US,1717975845
147,tazovsky,67.4667,78.7,2.7,76,99,3.28,RU,1717975846
148,afaahiti,-17.75,-149.2833,26.93,90,99,7.65,PF,1717975846
149,east ballina,-28.8667,153.5833,17.11,68,31,3.64,AU,1717975847
150,kapuskasing,49.4169,-82.4331,9.05,81,100,5.14,CA,1717975816
151,puerto ayora,-0.7393,-90.3518,23.08,96,73,0.89,EC,1717975848
152,kailua-kona,19.6406,-155.9956,29.6,70,40,4.63,US,1717975750
153,aykhal,66.0,111.5,20.15,32,86,3.32,RU,1717975850
154,illizi,26.4833,8.4667,31.89,7,0,4.11,DZ,1717975850
155,vorgashor,67.5833,63.95,2.11,96,100,3.16,RU,1717975851
156,ebensfeld,50.0664,10.9584,13.51,80,100,1.25,DE,1717975852
157,zouerate,22.7187,-12.4521,29.47,22,6,6.07,MR,1717975853
158,chos malal,-37.3781,-70.2709,8.14,69,4,2.73,AR,1717975853
159,ifon,6.9241,5.776,23.02,99,70,1.5,NG,1717975854
160,tafuna,-14.3358,-170.72,28.97,58,40,6.17,AS,1717975855
161,laihia,62.9761,22.0114,8.27,87,0,4.12,FI,1717975856
162,tejen,37.3834,60.5054,28.37,17,3,1.75,TM,1717975858
163,san sebastian de la gomera,28.0916,-17.1133,21.88,77,0,1.54,ES,1717975860
164,kayangel,8.0823,134.7173,28.93,75,96,2.77,PW,1717975862
165,prince rupert,54.3161,-130.3201,12.05,79,100,6.69,CA,1717975864
166,kuantan,3.8077,103.326,25.06,94,20,0.0,MY,1717975797
167,qaqortoq,60.7167,-46.0333,6.98,90,88,1.25,GL,1717975868
168,abaza,52.655,90.0928,14.51,96,72,0.59,RU,1717975870
169,jambi city,-1.6,103.6167,23.98,98,88,1.22,ID,1717975872
170,chegdomyn,51.1167,133.0167,12.99,94,100,0.51,RU,1717975873
171,myitkyina,25.3833,97.4,26.24,87,7,0.25,MM,1717975874
172,jamestown,42.097,-79.2353,13.34,96,100,8.23,US,1717975876
173,acapulco de juarez,16.8634,-99.8901,29.9,74,75,7.2,MX,1717975878
174,lionel town,17.8101,-77.2406,29.94,83,95,4.15,JM,1717975879
175,zhezqazghan,47.7833,67.7667,21.61,54,5,3.63,KZ,1717975880
176,thompson,55.7435,-97.8558,19.09,20,20,2.57,CA,1717975881
177,codrington,-38.2667,141.9667,9.03,73,86,3.91,AU,1717975882
178,atafu village,-8.5421,-172.5159,28.6,70,57,2.47,TK,1717975883
179,saldanha,-33.0117,17.9442,14.22,61,6,4.64,ZA,1717975884
180,bokovskaya,49.229,41.8306,19.36,73,33,1.15,RU,1717975885
181,songjianghe,42.1859,127.479,19.39,54,6,2.47,CN,1717975886
182,hadibu,12.65,54.0333,28.49,78,80,7.27,YE,1717975887
183,moires,35.0532,24.8744,25.68,35,0,0.89,GR,1717975888
184,quesnel,52.9999,-122.5029,22.28,35,20,3.09,CA,1717975890
185,kimbe,-5.5502,150.1429,31.53,62,86,0.88,PG,1717975891
186,tralee,52.2704,-9.7026,12.17,96,100,5.96,IE,1717975891
187,luena,-11.7833,19.9167,17.1,55,1,3.09,AO,1717975893
188,nemuro,43.3236,145.575,11.23,91,100,6.52,JP,1717975894
189,bay harbor,30.1471,-85.6146,31.04,69,0,5.66,US,1717975895
190,maralal,1.0968,36.698,14.03,87,57,1.18,KE,1717975896
191,alamosa,37.4695,-105.87,22.99,28,75,8.75,US,1717975896
192,piacabucu,-10.4056,-36.4344,24.53,84,21,3.6,BR,1717975898
193,la passe,45.5549,-0.8967,16.66,75,34,5.39,FR,1717975900
194,newnham,-41.3833,147.1333,3.15,93,0,0.0,AU,1717975901
195,iraquara,-12.2486,-41.6194,19.84,86,58,1.73,BR,1717975903
196,novodvinsk,64.4165,40.8122,7.1,88,5,2.7,RU,1717975904
197,bengkulu,-3.8004,102.2655,24.45,89,74,1.44,ID,1717975905
198,ada,43.4166,-116.1262,29.64,37,0,6.26,US,1717975689
199,cidreira,-30.1811,-50.2056,19.2,85,13,2.53,BR,1717975908
200,yaren,-0.5472,166.916,29.56,70,63,5.45,NR,1717975909
201,uturoa,-16.7333,-151.4333,25.77,81,88,6.66,PF,1717975911
202,geiro,-6.15,36.8667,13.31,83,20,2.14,TZ,1717975912
203,longyearbyen,78.2186,15.6401,1.91,75,75,5.14,SJ,1717975914
204,nova sintra,14.8667,-24.7167,23.78,81,0,9.06,CV,1717975915
205,alice springs,-23.7,133.8833,8.75,87,0,0.0,AU,1717975886
206,qamdo,31.1667,97.2333,11.05,54,18,1.1,CN,1717975917
207,nantucket,41.2835,-70.0995,18.38,89,0,3.6,US,1717975707
208,kingston,17.997,-76.7936,29.53,74,20,9.26,JM,1717975674
209,qashyr,53.0675,76.1036,16.98,93,93,4.17,KZ,1717975920
210,iskateley,67.6803,53.1512,1.68,87,100,4.47,RU,1717975921
211,palafrugell,41.9174,3.1631,22.48,45,38,1.34,ES,1717975666
212,aripuana,-9.1667,-60.6333,25.08,51,53,0.74,BR,1717975924
213,tsetserleg,47.475,101.4542,14.1,55,77,2.17,MN,1717975925
214,sedrata,36.1287,7.5338,17.51,47,74,1.81,DZ,1717975926
215,awjilah,29.1081,21.2869,25.71,33,0,3.88,LY,1717975920
216,monte alegre de sergipe,-10.0272,-37.5622,20.61,95,15,2.55,BR,1717975928
217,sylvester,31.5307,-83.8354,34.01,55,4,2.64,US,1717975928
218,remire-montjoly,4.9167,-52.2667,27.02,89,20,1.54,GF,1717975929
219,orel,52.9658,36.0803,14.34,87,86,2.84,RU,1717975930
220,palikir - national government center,6.9248,158.1611,28.47,94,100,2.57,FM,1717975925
221,chingleput,12.7,79.9833,28.84,58,98,4.64,IN,1717975932
222,constantia,44.1833,28.65,20.39,75,57,5.46,RO,1717975666
223,ghat,24.9647,10.1728,28.84,8,0,0.14,LY,1717975920
224,sovetskiy,61.3614,63.5842,16.61,60,100,2.24,RU,1717975935
225,touros,-5.1989,-35.4608,25.63,80,99,6.2,BR,1717975936
226,klyuchi,52.2667,79.1667,17.75,86,100,3.55,RU,1717975937
227,santa marta,11.2408,-74.199,29.03,79,75,3.09,CO,1717975448
228,east london,-33.0153,27.9116,15.01,66,0,2.5,ZA,1717975938
229,ndende,-2.4008,11.3581,22.61,89,91,0.35,GA,1717975939
230,san luis,-33.295,-66.3356,14.71,38,69,9.08,AR,1717975821
231,nizhneangarsk,55.7833,109.55,10.56,58,100,0.89,RU,1717975942
232,kincardine,56.0667,-3.7167,10.55,83,97,2.83,GB,1717975943
233,melfort,52.8667,-104.6177,14.07,51,88,2.06,CA,1717975944
234,saint-louis,16.3333,-15.0,31.8,60,93,5.77,SN,1717975944
235,bronxville,40.9381,-73.8321,25.49,47,20,6.69,US,1717975946
236,mahibadhoo,3.7833,72.9667,28.62,75,88,5.89,MV,1717975947
237,roma,43.2128,-75.4557,14.97,91,100,4.63,US,1717975704
238,barcelos,41.5388,-8.6151,19.36,89,87,1.47,PT,1717975950
239,la tuque,47.4334,-72.7824,16.14,72,100,1.03,CA,1717975951
240,caleta de carquin,-11.0925,-77.6267,17.71,84,65,5.01,PE,1717975952
241,manta,-0.95,-80.7333,22.88,83,75,6.17,EC,1717975952
242,kristiansund,63.1115,7.732,11.74,87,100,3.6,NO,1717975953
243,mount gambier,-37.8333,140.7667,9.3,72,100,3.46,AU,1717975954
244,balqash,46.8481,74.995,23.1,52,60,2.99,KZ,1717975955
245,la paz,-16.5,-68.15,9.99,21,40,1.03,BO,1717975497
246,sydney,-33.8679,151.2073,15.2,68,20,5.14,AU,1717975952
247,yoko,5.5333,12.3167,18.96,99,99,1.26,CM,1717975959
248,hermanus,-34.4187,19.2345,12.11,77,10,4.46,ZA,1717975961
249,muli,2.9167,73.5667,28.43,76,65,5.02,MV,1717975963
250,lebu,-37.6167,-73.65,12.58,86,87,7.36,CL,1717975913
251,porto novo,6.4965,2.6036,27.9,86,60,3.36,BJ,1717975965
252,mount pearl,47.5166,-52.7813,11.75,92,100,8.75,CA,1717975967
253,lluta,-16.0147,-72.0142,10.27,37,19,0.53,PE,1717975969
254,luderitz,-26.6481,15.1594,21.33,25,16,5.68,NA,1717975970
255,susuman,62.7833,148.1667,7.21,46,28,0.45,RU,1717975973
256,middlebury (village),44.0153,-73.1673,17.06,72,84,4.27,US,1717975974
257,carnarvon,-24.8667,113.6333,20.89,81,98,5.15,AU,1717975941
258,sylhet,24.5,91.6667,25.4,96,45,1.99,BD,1717975978
259,booneville,34.6582,-88.5667,26.79,90,91,5.89,US,1717975980
260,namibe,-15.1961,12.1522,19.66,88,56,3.28,AO,1717975932
261,machala,-3.2667,-79.9667,25.97,78,75,2.57,EC,1717975984
262,egilsstadir,65.2653,-14.3948,4.95,75,75,4.63,IS,1717975985
263,icano,-28.9193,-65.3282,18.48,36,50,2.87,AR,1717975987
264,wagga wagga,-35.1167,147.3667,10.89,88,43,0.45,AU,1717975988
265,kannangad,12.3081,75.1063,26.0,85,70,2.83,IN,1717975989
266,san fernando,15.0286,120.6898,25.85,72,86,0.72,PH,1717975990
267,puerto deseado,-47.7503,-65.8938,6.29,92,100,7.3,AR,1717975924
268,vorkuta,67.5,64.0,2.28,96,100,1.79,RU,1717975993
269,kargasok,59.0556,80.8572,12.76,57,0,3.13,RU,1717975994
270,chebba,35.2372,11.115,22.88,83,100,6.97,TN,1717975995
271,hamilton,39.1834,-84.5333,25.97,36,75,4.63,US,1717975941
272,terrace,54.5163,-128.6035,18.95,48,75,6.69,CA,1717975997
273,enterprise,36.0252,-115.2419,39.07,7,75,5.14,US,1717975805
274,taksimo,56.3444,114.8794,15.16,53,0,0.82,RU,1717975999
275,ola,59.5833,151.2833,8.97,86,99,1.77,RU,1717976000
276,ilhabela,-23.7781,-45.3581,21.03,83,8,1.74,BR,1717976000
277,chibougamau,49.9168,-74.3659,13.79,100,100,2.06,CA,1717976002
278,bubaque,11.2833,-15.8333,26.61,80,45,6.9,GW,1717975925
279,turabah,21.2141,41.6331,28.07,26,6,1.98,SA,1717976003
280,hwangju-up,38.6703,125.7761,22.96,66,7,1.86,KP,1717976004
281,vila franca do campo,37.7167,-25.4333,18.27,99,31,2.66,PT,1717975920
282,omerli,37.4022,40.9541,26.24,39,64,4.17,TR,1717976005
283,west end,26.6833,-78.9667,29.99,75,0,6.4,BS,1717976006
284,lucapa,-8.4192,20.7447,18.5,33,6,1.6,AO,1717976007
285,portstewart,55.1813,-6.714,10.18,75,43,7.57,GB,1717976008
286,hithadhoo,-0.6,73.0833,28.02,75,99,1.93,MV,1717976008
287,mejit,10.2753,170.8646,28.33,80,63,7.62,MH,1717975942
288,mutuali,-14.8706,37.0044,14.18,94,53,1.22,MZ,1717976010
289,hradec kralove,50.2092,15.8328,17.94,87,77,1.37,CZ,1717975700
290,kolonia,50.9333,6.95,12.19,77,0,1.54,DE,1717975795
291,tortoli,39.9256,9.6572,23.9,60,0,4.63,IT,1717976012
292,yangambi,0.8102,24.4336,22.05,89,94,1.17,CD,1717976013
293,tallahassee,30.4383,-84.2807,34.91,52,0,4.63,US,1717975832
294,zelenoborskiy,66.845,32.3622,6.3,89,79,3.93,RU,1717976014
295,sayat,38.7839,63.8803,24.93,18,13,1.28,TM,1717976016
296,changping,40.2186,116.2197,22.8,38,46,0.89,CN,1717976017
297,west livingston,30.6983,-95.0019,32.03,74,16,3.13,US,1717976017
298,kyshtovka,56.555,76.6271,11.3,81,71,2.24,RU,1717976018
299,hammerfest,70.6634,23.6821,12.25,66,100,4.12,NO,1717976019
300,kourou,5.1552,-52.6478,27.03,89,76,2.05,GF,1717975857
301,bac kan,22.1333,105.8333,24.58,99,100,0.18,VN,1717976020
302,coruripe,-10.1256,-36.1756,23.88,85,2,4.1,BR,1717976021
303,saguenay,48.4168,-71.0657,15.6,93,100,3.09,CA,1717975807
304,sakleshpur,12.9667,75.7833,19.33,96,99,3.53,IN,1717976022
305,alofi,-19.0595,-169.9187,24.94,65,75,8.23,NU,1717975918
306,presidente bernardes,-22.0061,-51.5531,26.21,43,90,2.58,BR,1717976024
307,yuzhno-kurilsk,44.0306,145.8556,11.32,93,100,4.44,RU,1717976025
308,madera,37.1666,-119.8343,34.2,26,45,4.26,US,1717976009
309,port lincoln,-34.7333,135.8667,15.59,66,100,3.22,AU,1717975815
310,bonthe,7.5264,-12.505,26.83,81,70,2.84,SL,1717976027
311,carutapera,-1.195,-46.02,23.95,96,84,2.59,BR,1717976028
312,peterhead,57.5058,-1.7981,9.22,82,57,9.73,GB,1717975916
313,okha,53.5739,142.9478,9.58,89,100,4.47,RU,1717975916
314,yeniseysk,58.4497,92.1703,10.53,91,100,2.24,RU,1717976030
315,mezokovacshaza,46.4,20.9167,23.4,77,15,3.71,HU,1717976031
316,tadine,-21.55,167.8833,25.78,70,100,1.34,NC,1717976031
317,callao,-12.0667,-77.15,19.29,72,100,4.63,PE,1717975937
318,puerto baquerizo moreno,-0.9,-89.6,22.8,86,79,3.71,EC,1717975808
319,isangel,-19.55,169.2667,28.06,69,40,2.57,VU,1717976034
320,kapa'a,22.0752,-159.319,30.99,71,0,6.69,US,1717975915
321,marsh harbour,26.5412,-77.0636,29.1,70,57,2.23,BS,1717975946
322,coquimbo,-29.9533,-71.3436,13.85,79,0,2.06,CL,1717975740
323,tokombere,11.2271,13.4858,29.09,47,82,2.8,NG,1717976040
324,conception bay south,47.4999,-52.9981,12.08,93,100,5.48,CA,1717975992
325,smithers,54.7804,-127.1743,21.18,46,75,4.63,CA,1717975888
326,al ghayzah,16.2079,52.176,29.04,85,15,4.21,YE,1717976046
327,aketi,2.7388,23.7833,22.1,99,100,0.47,CD,1717975931
328,galle,6.0367,80.217,28.85,81,93,0.45,LK,1717976050
329,aginskoye,51.1,114.53,15.77,67,37,2.21,RU,1717976051
330,ciudad acuna,29.3232,-100.9522,39.32,29,0,2.57,MX,1717976052
331,naze,28.3667,129.4833,24.51,79,100,1.45,JP,1717976053
332,tomatlan,19.9333,-105.25,28.15,57,0,4.51,MX,1717976054
333,luebo,-5.35,21.4167,20.17,46,70,0.71,CD,1717976055
334,malindi,-3.2175,40.1191,26.09,78,60,7.75,KE,1717976055
335,taveta,-3.3963,37.6736,17.94,78,43,2.63,KE,1717976057
336,abu jibeha,11.4562,31.2285,27.48,62,88,2.9,SD,1717976058
337,kodinar,20.7903,70.7031,28.83,78,61,5.94,IN,1717976059
338,taulaga,-11.0553,-171.0883,28.0,75,95,8.77,AS,1717976060
339,mossel bay,-34.1831,22.146,9.96,75,6,2.94,ZA,1717976060
340,nikolayevsk-on-amure,53.1406,140.73,10.12,97,100,1.79,RU,1717975927
341,happy valley-goose bay,53.3168,-60.3315,18.17,63,75,6.69,CA,1717975810
342,la rioja,42.25,-2.5,6.88,97,90,1.89,ES,1717976063
343,uporovo,56.3109,66.2693,14.98,97,100,3.41,RU,1717976063
344,fale old settlement,-9.3852,-171.2468,28.41,75,87,4.63,TK,1717975922
345,ecoporanga,-18.3733,-40.8306,17.92,86,35,0.74,BR,1717976065
346,chernyakhovsk,54.6335,21.8156,9.16,94,17,3.55,RU,1717976066
347,lata,40.1629,-8.3327,13.67,98,100,0.35,PT,1717976066
348,cabo san lucas,22.8909,-109.9124,26.17,67,0,5.66,MX,1717975925
349,pachino,36.7186,15.0907,22.02,74,100,2.18,IT,1717976068
350,mapimi,25.8167,-103.85,33.82,15,20,5.74,MX,1717976069
351,al jaradiyah,16.5795,42.9124,33.72,40,14,0.03,SA,1717976069
352,fafe,41.4542,-8.168,17.38,88,94,0.98,PT,1717976071
353,montepuez,-13.1256,38.9997,17.26,77,62,4.59,MZ,1717976072
354,sao joao da barra,-21.6403,-41.0511,21.05,77,19,7.33,BR,1717976072
355,fontenay-le-comte,46.5833,-1.0,15.8,84,42,3.54,FR,1717976074
356,laojunmiao,39.8333,97.7333,18.4,24,100,1.24,CN,1717976075
357,kudahuvadhoo,2.6708,72.8944,28.41,77,75,4.24,MV,1717976075
358,bodaybo,57.8506,114.1933,15.49,64,0,1.11,RU,1717976076
359,ancud,-41.8697,-73.8203,9.62,87,85,5.14,CL,1717975922
360,tanumah,27.1,44.1333,34.59,15,83,2.59,SA,1717976078
361,labytnangi,66.6572,66.4183,6.88,85,94,2.11,RU,1717975864
362,isabela,6.7085,121.9711,28.03,75,90,0.41,PH,1717976079
363,brigantine,39.4101,-74.3646,22.89,81,39,5.43,US,1717976080
364,graaff-reinet,-32.2522,24.5308,11.56,51,4,3.27,ZA,1717976081
365,sarai mir,26.0167,82.9167,33.81,20,5,2.53,IN,1717976082
366,mazabuka,-15.856,27.748,15.32,64,24,1.94,ZM,1717976083
367,hollidaysburg,40.4273,-78.3889,22.04,45,100,4.12,US,1717976084
368,kashgar,39.4547,75.9797,18.56,59,0,0.0,CN,1717976084
369,severo-yeniseyskiy,60.3725,93.0408,8.1,98,82,1.34,RU,1717976085
370,abadan,30.3392,48.3043,28.97,74,7,3.09,IR,1717976086
371,ioannina,39.6675,20.8508,19.86,83,7,0.0,GR,1717976087
372,arkalyk,50.2486,66.9114,19.7,75,33,3.53,KZ,1717976087
373,mwene-ditu,-7.0,23.45,17.45,46,3,2.35,CD,1717975929
374,goz beida,13.95,20.55,28.07,50,100,3.99,TD,1717976089
375,wynyard,-41.0,145.7167,9.47,62,3,2.55,AU,1717975922
376,malanje,-9.5402,16.341,16.18,46,24,2.16,AO,1717976090
377,ormara,25.2088,64.6357,28.1,88,0,6.17,PK,1717976091
378,pangai,-19.8,-174.35,25.06,65,40,7.2,TO,1717976092
379,jinghong,21.991,100.7341,22.71,99,100,0.34,CN,1717976092
380,greymouth,-42.4667,171.2,14.16,92,82,4.43,NZ,1717976093
381,tzimol,16.2667,-92.2667,22.1,70,87,3.32,MX,1717976094
382,rasht,37.2808,49.5832,22.9,100,40,3.09,IR,1717976094
383,dunedin,-45.8742,170.5036,9.33,66,100,5.36,NZ,1717975874
384,la gomera,14.0833,-91.05,29.84,86,94,3.01,GT,1717976096
385,buala,-8.145,159.5921,29.31,75,100,4.26,SB,1717976097
386,kavaratti,10.5669,72.642,28.08,83,100,6.63,IN,1717975913
387,shahba,32.8551,36.629,18.91,52,0,4.58,SY,1717975922
388,khandyga,62.6667,135.6,17.96,39,76,2.73,RU,1717975923
389,saint-francois,46.4154,3.9054,13.01,94,82,1.54,FR,1717976099
390,nicoya,10.1483,-85.452,24.7,97,100,1.28,CR,1717976100
391,port alberni,49.2413,-124.8028,25.49,56,16,4.02,CA,1717975974
392,castellar del valles,41.6167,2.0833,21.05,75,0,1.34,ES,1717976102
393,tianpeng,30.9866,103.9393,21.26,72,84,0.47,CN,1717976103
394,jeremie,18.65,-74.1167,27.14,82,100,0.95,HT,1717976104
395,praia,14.9215,-23.5087,23.3,78,20,7.72,CV,1717976105
396,singaraja,-8.112,115.0882,27.18,82,4,0.93,ID,1717976106
397,eenhana,-17.4667,16.3333,14.22,42,1,3.58,NA,1717976107
398,karratha,-20.7377,116.8463,19.87,58,0,2.9,AU,1717976107
399,antonio enes,-16.2325,39.9086,22.22,76,80,6.79,MZ,1717976108
400,vila velha,-20.3297,-40.2925,20.97,94,0,2.06,BR,1717975824
401,bereznik,62.8551,42.7072,8.46,96,52,1.03,RU,1717975930
402,san mariano,7.5,126.0,27.03,79,70,1.16,PH,1717976110
403,port nelson,23.6333,-74.8333,26.98,74,98,6.32,BS,1717976111
404,palmer,42.1584,-72.3287,20.65,68,39,0.45,US,1717976113
405,dolinsk,47.35,142.8,14.84,98,100,3.48,RU,1717976113
406,ouani,-12.1322,44.4258,25.73,73,100,6.97,KM,1717976114
407,margate,51.3813,1.3862,14.06,68,100,2.68,GB,1717975842
408,kroonstad,-27.6504,27.2349,6.91,57,3,1.78,ZA,1717976115
409,fortuna,40.5982,-124.1573,16.63,86,100,5.66,US,1717976116
410,secunda,-26.55,29.1667,2.4,86,1,1.36,ZA,1717976117
411,walvis bay,-22.9575,14.5053,17.83,63,39,3.86,NA,1717976118
412,vallenar,-28.5708,-70.7581,13.66,52,100,1.21,CL,1717975885
413,koryazhma,61.3143,47.1691,10.51,97,69,1.95,RU,1717976119
414,sitka,57.0531,-135.33,10.94,76,100,5.66,US,1717976120
415,kilindoni,-7.9139,39.6668,26.29,69,91,10.72,TZ,1717976120
416,praia da vitoria,38.7333,-27.0667,18.2,82,20,3.39,PT,1717976122
417,quellon,-43.1167,-73.6167,9.84,87,94,4.81,CL,1717976123
418,satkhira,22.7167,89.1,29.17,82,100,5.45,BD,1717976123
419,broome,42.2506,-75.833,16.21,91,100,2.06,US,1717975940
420,jinka,5.65,36.65,17.05,84,53,1.04,ET,1717976125
421,minab,27.1467,57.0801,31.18,79,9,0.0,IR,1717976126
422,mammoth lakes,37.6485,-118.9721,24.4,37,40,6.17,US,1717976069
423,geraldton,-28.7667,114.6,19.23,68,100,4.63,AU,1717975887
424,taoudenni,22.6783,-3.9836,37.55,15,3,6.48,ML,1717976128
425,usogorsk,63.4106,48.6872,7.59,92,70,2.25,RU,1717975942
426,mahbubabad,17.6167,80.0167,26.49,78,59,2.55,IN,1717976130
427,horta,38.5333,-28.6333,19.45,86,92,4.02,PT,1717976130
428,zakamensk,50.3741,103.2863,15.03,87,96,1.04,RU,1717976131
429,teuva,62.4819,21.7416,6.99,93,54,3.98,FI,1717976132
430,nelson bay,-32.7167,152.15,13.95,68,4,1.34,AU,1717976133
431,babolsar,36.7025,52.6576,23.31,69,46,5.46,IR,1717976133
432,argo,37.6333,22.7333,25.22,52,3,1.44,GR,1717976134
433,kangding,30.0513,101.9603,15.15,91,97,1.33,CN,1717976135
434,nuuk,64.1835,-51.7216,4.34,100,100,15.43,GL,1717976136
435,kandyagash,49.4744,57.4233,15.66,87,6,3.16,KZ,1717976136
436,am timan,11.0297,20.2827,26.98,58,89,1.22,TD,1717976137
437,murzuq,25.9155,13.9184,27.03,11,0,2.94,LY,1717976138
438,auki,-8.7676,160.7034,30.19,66,79,1.71,SB,1717976139
439,langepas,61.2544,75.2124,13.99,57,5,2.31,RU,1717976140
440,basco,20.4487,121.9702,28.55,77,100,5.95,PH,1717976141
441,mont-dore,-22.2833,166.5833,24.99,99,100,2.05,NC,1717976142
442,salinopolis,-0.6136,-47.3561,25.48,90,70,4.68,BR,1717975934
443,thunder bay,48.4001,-89.3168,19.99,26,40,5.14,CA,1717975861
444,priladozhskiy,59.85,31.4833,10.3,1,87,2.38,RU,1717976144
445,debre tabor,11.85,38.0167,13.24,84,50,1.51,ET,1717976145
446,kirensk,57.7853,108.1119,10.54,66,94,1.79,RU,1717975919
447,winterset,41.3308,-94.0138,28.06,66,17,4.79,US,1717976147
448,tulun,54.5611,100.5792,14.96,86,76,3.84,RU,1717976147
449,caninde,-4.3589,-39.3117,23.55,83,58,0.45,BR,1717976148
450,kampene,-3.6,26.6667,19.12,64,57,0.93,CD,1717976149
451,pimenta bueno,-11.6725,-61.1936,23.68,54,32,0.94,BR,1717976150
452,sodankyla,67.4167,26.6,9.15,95,100,2.51,FI,1717975881
453,galdar,28.147,-15.6502,21.28,81,41,4.97,ES,1717976151
454,berezovyy,51.6667,135.7,11.15,98,100,2.66,RU,1717976152
455,kirakira,-10.4544,161.9205,29.26,76,71,4.13,SB,1717976153
456,jayapura,-2.5333,140.7,28.66,67,37,1.65,ID,1717976153
457,patacamaya,-17.2333,-67.9167,8.46,42,67,2.36,BO,1717976154
458,shengli,37.4564,118.4856,30.93,27,42,2.68,CN,1717976155
459,pionerskiy,54.9508,20.2275,10.08,82,60,5.74,RU,1717976156
460,vernon,50.2581,-119.2691,27.09,29,87,1.03,CA,1717976143
461,aitape,-3.1374,142.3475,30.12,68,15,1.29,PG,1717976157
462,mijas,36.5957,-4.6373,20.59,60,0,2.57,ES,1717976158
463,piggs peak,-25.9667,31.25,5.39,77,0,1.95,SZ,1717976158
464,kot radha kishan,31.1725,74.0997,30.06,26,18,2.88,PK,1717976159
465,yen vinh,18.6667,105.6667,27.57,83,86,0.92,VN,1717976160
466,hasaki,35.7333,140.8333,19.22,84,100,4.53,JP,1717975938
467,back mountain,41.3359,-75.9963,21.45,65,58,1.1,US,1717976161
468,borzya,50.3833,116.5167,17.64,61,46,2.49,RU,1717975873
469,mongu,-15.2484,23.1274,14.59,49,6,4.24,ZM,1717976163
470,mandalgovi,45.7625,106.2708,19.68,38,19,6.51,MN,1717976164
471,shevchenko,48.5,35.0,20.18,57,68,2.33,UA,1717976164
472,sao francisco,-15.9486,-44.8644,22.17,48,58,2.57,BR,1717976165
473,mar del plata,-38.0023,-57.5575,14.49,93,40,5.36,AR,1717975807
474,crane,31.3974,-102.3501,38.55,11,68,3.15,US,1717976169
475,buka,40.8108,69.1986,24.1,32,19,1.68,UZ,1717976170
476,pandan,14.0453,124.1694,29.47,75,92,1.67,PH,1717976170
477,campbellton,48.0075,-66.6727,14.25,99,92,2.62,CA,1717976131
478,ponta delgada,37.7333,-25.6667,18.44,82,75,2.57,PT,1717976172
479,rabo de peixe,37.8,-25.5833,17.77,99,75,2.57,PT,1717975938
480,tinghir,31.5157,-5.5343,23.92,27,64,1.92,MA,1717976173
481,talara,-4.5772,-81.2719,22.42,73,0,5.82,PE,1717976174
482,novaya igirma,57.1334,103.9112,11.25,97,100,1.33,RU,1717976175
483,stettler,52.3168,-112.7186,13.34,57,100,4.51,CA,1717976176
484,nadym,65.5333,72.5167,9.42,53,100,7.13,RU,1717976177
485,fauske,67.2588,15.3918,14.32,57,54,1.06,NO,1717976178
486,bayanaul,50.7889,75.6956,18.84,67,90,2.38,KZ,1717976179
487,chillicothe,39.3331,-82.9824,24.69,39,75,3.6,US,1717976138
488,tofol,5.3248,163.0078,30.88,70,75,3.6,FM,1717976180
489,nova vicosa,-17.8919,-39.3719,24.29,74,100,3.64,BR,1717975912
490,sweetwater,25.7634,-80.3731,31.67,78,75,4.63,US,1717976182
491,akobo,7.4344,3.9497,24.75,94,75,2.06,NG,1717976183
492,irtyshsk,53.3333,75.4572,16.48,92,91,4.48,KZ,1717976184
493,morehead,37.2711,-87.1764,21.97,86,40,2.57,US,1717976185
494,recani,31.2846,-4.2688,27.98,15,17,3.52,MA,1717976186
495,big bend,-26.8167,31.9333,6.05,93,0,0.0,SZ,1717976003
496,al muwayh,22.4333,41.7583,30.53,22,50,3.9,SA,1717976187
497,grand-bassam,5.2118,-3.7388,26.98,89,86,3.95,CI,1717976188
498,trairi,-3.2778,-39.2689,25.66,85,83,4.04,BR,1717975934
499,bjuv,56.0837,12.9191,11.96,83,75,5.14,SE,1717976190
500,modimolle,-24.7,28.4,6.12,69,0,1.16,ZA,1717976190
501,turpan,42.9333,89.1667,33.15,20,0,0.89,CN,1717976191
502,zavodoukovsk,56.5042,66.5515,14.92,97,100,3.08,RU,1717976193
503,durbuy,50.35,5.4667,12.82,81,36,1.49,BE,1717976193
504,malazgirt,39.1427,42.5401,15.36,52,32,2.04,TR,1717976194
505,ishigaki,24.3448,124.1572,28.07,100,75,4.12,JP,1717976195
506,taro,-8.3862,115.28,22.0,98,96,0.86,ID,1717976196
507,lagoa,39.05,-27.9833,18.25,76,61,4.67,PT,1717976196
508,selkirk,50.1436,-96.8845,19.08,44,14,2.24,CA,1717975917
509,linda,39.1277,-121.5508,33.51,39,0,5.14,US,1717976198
510,gobabis,-22.45,18.9667,10.14,66,46,6.32,NA,1717976199
511,colares,38.7992,-9.4469,18.2,87,100,4.02,PT,1717976200
512,loukhi,66.0764,33.0381,8.0,85,86,2.55,RU,1717976201
513,buta,2.7858,24.73,21.5,99,100,0.23,CD,1717976202
514,saint-pierre,-21.3393,55.4781,20.82,73,20,3.6,RE,1717976202
515,cascais,38.6979,-9.4215,18.3,87,100,4.02,PT,1717976092
516,fort morgan,40.2503,-103.8,22.36,73,0,7.72,US,1717976204
517,chinsali,-10.5414,32.0816,12.41,94,44,4.21,ZM,1717976050
518,dolbeau-mistassini,48.8763,-72.212,15.36,91,100,0.76,CA,1717976000
519,uniara,26.15,75.2167,33.04,27,87,1.77,IN,1717976206
520,pankovka,58.5,31.1999,13.39,87,94,2.13,RU,1717976208
521,muisne,0.6,-80.0333,23.83,88,100,5.24,EC,1717976209
522,cabras,39.93,8.5314,19.54,93,12,4.5,IT,1717976210
523,columbus,39.9612,-82.9988,25.29,31,40,8.23,US,1717976145
524,kalix,65.853,23.1565,7.48,91,100,2.46,SE,1717976212
525,saint-philippe,-21.3585,55.7679,20.77,85,52,4.67,RE,1717976213
526,yanam,16.7333,82.2167,27.23,77,78,1.72,IN,1717976213
527,malango,-2.9627,119.9001,21.91,93,54,0.62,ID,1717975923
528,cabedelo,-6.9811,-34.8339,24.37,81,8,6.47,BR,1717976217
529,igarka,67.4667,86.5833,7.23,95,84,6.26,RU,1717976217
530,ulladulla,-35.35,150.4667,12.31,76,40,3.48,AU,1717976091
531,sarkisla,39.3519,36.4098,11.91,90,1,1.67,TR,1717976219
